,399
0,N
1,R
2,K
3,M
4,A
5,M
6,G
7,R
8,K
9,K
10,F
11,N
12,M
13,D
14,P
15,K
16,K
17,G
18,I
19,Q
20,F
21,L
22,V
23,E
24,N
25,E
26,L
27,L
28,Q
29,N
30,T
31,P
32,E
33,E
34,I
35,A
36,R
37,F
38,L
39,Y
40,K
41,G
42,E
43,G
44,L
45,N
46,K
47,T
48,A
49,I
50,G
51,D
52,Y
53,L
54,G
55,E
56,R
57,E
58,E
59,L
60,N
61,L
62,A
63,V
64,L
65,H
66,A
67,F
68,V
69,D
70,L
71,H
72,E
73,F
74,T
75,D
76,L
77,N
78,L
79,V
80,Q
81,A
82,L
83,R
84,Q
85,F
86,L
87,W
88,S
89,F
90,R
91,L
92,P
93,G
94,K
95,A
96,Q
97,K
98,I
99,D
100,R
101,M
102,M
103,E
104,A
105,F
106,A
107,Q
108,R
109,Y
110,C
111,L
112,C
113,N
114,P
115,G
116,V
117,F
118,Q
119,S
120,T
121,D
122,T
123,C
124,Y
125,V
126,L
127,S
128,Y
129,S
130,V
131,I
132,M
133,L
134,N
135,T
136,D
137,L
138,H
139,N
140,P
141,N
142,V
143,R
144,D
145,K
146,M
147,G
148,L
149,E
150,R
151,F
152,V
153,A
154,M
155,N
156,R
157,G
158,I
159,N
160,E
161,G
162,G
163,D
164,L
165,P
166,E
167,E
168,L
169,L
170,R
171,N
172,L
173,Y
174,D
175,S
176,I
177,R
178,N
179,E
180,P
181,F
182,K
183,I
184,P
185,E
186,D
